Dificultad,Intentos (Nonce),Tiempo (s),Hash Resultante
1,0,1e-05,07086ac3c62d15fad7dc90cb4b1a902dc627dd1df8d558a6790131a28ded0a1b
2,89,0.00046,00a10982090118404a595018aa1c18a1a35e5599c5719469185bbb8e8f0d494b
3,3765,0.01808,000ab118bff6191ab200a02bd88a150872ef3bf6c43c3b899be548a820afcaf7
